name,address,cuisine,average_price,rating,reviews,offer,url,is_excluded
Indian Rasoi Restaurant,"7 Denmark Terrace, N2 9HG, London",Indian,20,9.3,414,50,https://www.thefork.co.uk/restaurant/indian-rasoi-restaurant-r821285#date=2026-02-28&hour=780&partySize=5&rankedBy=SEARCH_ENGINE,0
Rockwell Bistro & Wine Bar,"2 Spring Gardens, SW1A 2TS, London",European,25,9.4,548,50,https://www.thefork.co.uk/restaurant/rockwell-bistro-wine-bar-r693231#date=2026-02-28&hour=780&partySize=5&rankedBy=SEARCH_ENGINE,0
Pasta al fuoco,"29 Tooting High Street, SW17 0RJ, London",Italian,25,9.0,135,50,https://www.thefork.co.uk/restaurant/pasta-al-fuoco-r844000#date=2026-02-28&hour=780&partySize=5&rankedBy=SEARCH_ENGINE,0
Amor Gastronomia,"139 Holloway Road, N7, London",Italian,25,9.4,823,30,https://www.thefork.co.uk/restaurant/amor-gastronomia-r811617#date=2026-02-28&hour=780&partySize=5&rankedBy=SEARCH_ENGINE,0
Il Castelletto,"17 Bury Place, WC1A 2JB, London",Italian,22,8.9,965,50,https://www.thefork.co.uk/restaurant/il-castelletto-r747163#date=2026-02-28&hour=780&partySize=5&rankedBy=SEARCH_ENGINE,0
Dell Boyz,"29 Tooting High Street, Broadway Market, SW17 0RJ, London",American,20,8.8,717,50,https://www.thefork.co.uk/restaurant/dell-boyz-r818283#date=2026-02-28&hour=780&partySize=5&rankedBy=SEARCH_ENGINE,0
Haylaz brasserie,"153 Fortess Road, NW5 2HR, London",Mediterranean,30,9.3,76,20,https://www.thefork.co.uk/restaurant/haylaz-brasserie-r850849#date=2026-02-28&hour=780&partySize=5&rankedBy=SEARCH_ENGINE,0
Sushi Circle - Fulham,"144 Wandsworth Bridge Road, SW6 2UH, London",Japanese,20,9.4,46,20,https://www.thefork.co.uk/restaurant/sushi-circle-fulham-r835000#date=2026-02-28&hour=780&partySize=5&rankedBy=SEARCH_ENGINE,0
The India - City Road,"20 City Road, EC1Y 2AJ, London",Indian,25,8.9,1122,30,https://www.thefork.co.uk/restaurant/the-india-city-road-r814003#date=2026-02-28&hour=780&partySize=5&rankedBy=SEARCH_ENGINE,0
Bellillo,"255 Munster Road, SW6 6BW, London",Italian,25,9.7,1651,50,https://www.thefork.co.uk/restaurant/bellillo-r809230#date=2026-02-28&hour=780&partySize=5&rankedBy=SEARCH_ENGINE,0
The India - Monument,"2 Saint Mary at Hill, EC3R 8EE, London",Indian,22,9.0,1134,30,https://www.thefork.co.uk/restaurant/the-india-monument-r808596#date=2026-02-28&hour=780&partySize=5&rankedBy=SEARCH_ENGINE,0
Amarcord Museum,"28 Museum Street, WC1A, London",Italian,25,8.4,268,50,https://www.thefork.co.uk/restaurant/amarcord-museum-r833710#date=2026-02-28&hour=780&partySize=5&rankedBy=SEARCH_ENGINE,0
Avanti,"328 Uxbridge Road, W3 9QP, London",Mediterranean,30,9.6,147,50,https://www.thefork.co.uk/restaurant/avanti-r850403#date=2026-02-28&hour=780&partySize=5&rankedBy=SEARCH_ENGINE,0
Bengal Village - Best of Brick Lane,"75 Brick Lane, E1 6QL, London",Indian,20,8.8,185,30,https://www.thefork.co.uk/restaurant/bengal-village-best-of-brick-lane-r840085#date=2026-02-28&hour=780&partySize=5&rankedBy=SEARCH_ENGINE,0
Kendal Street Kitchen,"17-20 Kendal Street, W2 2AW, London",Mediterranean,27,9.6,2599,50,https://www.thefork.co.uk/restaurant/kendal-street-kitchen-r830836#date=2026-02-28&hour=780&partySize=5&rankedBy=SEARCH_ENGINE,0
Counter by Naroon,"63 Great Titchfield Street, W1W 7PR, London",Iranian,12,9.6,1222,50,https://www.thefork.co.uk/restaurant/counter-by-naroon-r807678#date=2026-02-28&hour=780&partySize=5&rankedBy=SEARCH_ENGINE,0
The India - Fleet Street,"8 Crane Court, Fleet Street, EC4A 2EJ, London",Indian,30,8.9,474,30,https://www.thefork.co.uk/restaurant/the-india-fleet-street-r842625#date=2026-02-28&hour=780&partySize=5&rankedBy=SEARCH_ENGINE,0
Shezan,"16-22 Cheval Place, SW7 1ES, London",Indian,46,9.4,1220,50,https://www.thefork.co.uk/restaurant/shezan-r599673#date=2026-02-28&hour=780&partySize=5&rankedBy=SEARCH_ENGINE,0
Bala Baya,"Arch 25, Old Union Yard Arches, SE1 0LR, London",Middle Eastern,52,9.3,1356,50,https://www.thefork.co.uk/restaurant/bala-baya-r595301#date=2026-02-28&hour=780&partySize=5&rankedBy=SEARCH_ENGINE,0
Casa Tua - King's Cross,"106 Cromer Street, WC1H 8BZ, London",Italian,26,8.8,1257,30,https://www.thefork.co.uk/restaurant/casa-tua-king-s-cross-r638591#date=2026-02-28&hour=780&partySize=5&rankedBy=SEARCH_ENGINE,0
PJ’S Chelsea Brasserie,"52 Fulham Road, SW3 6HH, London",Steakhouse,28,9.3,2222,50,https://www.thefork.co.uk/restaurant/pj-s-chelsea-brasserie-r600587#date=2026-02-28&hour=780&partySize=5&rankedBy=SEARCH_ENGINE,0
The Famous Curry Bazaar,"77 Brick Lane, E1 6RL, London",Indian,20,8.7,109,30,https://www.thefork.co.uk/restaurant/the-famous-curry-bazaar-r744702#date=2026-02-28&hour=780&partySize=5&rankedBy=SEARCH_ENGINE,0
Colonel Saab High Holborn,"193-197 High Holborn, WC1V 7BD, London",Indian,45,9.4,1788,50,https://www.thefork.co.uk/restaurant/colonel-saab-high-holborn-r708057#date=2026-02-28&hour=780&partySize=5&rankedBy=SEARCH_ENGINE,0
Pahli Hill Bandra Bhai,"79-81 Mortimer Street, W1W 7SJ, London",Indian,29,9.3,699,50,https://www.thefork.co.uk/restaurant/pahli-hill-bandra-bhai-r660175#date=2026-02-28&hour=780&partySize=5&rankedBy=SEARCH_ENGINE,0
ANA Turkish Restaurant and Bar,"263 Old Brompton Road, SW5 9JA, London",Turkish,25,9.2,348,50,https://www.thefork.co.uk/restaurant/ana-turkish-restaurant-and-bar-r830134#date=2026-02-28&hour=780&partySize=5&rankedBy=SEARCH_ENGINE,0
Kin Restaurant,"21 Foley Street, W1W 6DS, London",Vegan,25,9.5,985,50,https://www.thefork.co.uk/restaurant/kin-restaurant-r832442#date=2026-02-28&hour=780&partySize=5&rankedBy=SEARCH_ENGINE,0
Wandering Grapes,"24 Inverness Street, NW1 7HJ, London",French,25,9.6,41,50,https://www.thefork.co.uk/restaurant/wandering-grapes-r855218#date=2026-02-28&hour=780&partySize=5&rankedBy=SEARCH_ENGINE,0
Palungo Nepali Restaurant,"259 Malpas Road, SE4 1BH, London",Indian,27,8.6,97,30,https://www.thefork.co.uk/restaurant/palungo-nepali-restaurant-r818066#date=2026-02-28&hour=780&partySize=5&rankedBy=SEARCH_ENGINE,0
The India - Cannon Street,"21 College Hill, Cannon Street, EC4R 2RP, London",Indian,22,8.4,71,30,https://www.thefork.co.uk/restaurant/the-india-cannon-street-r852307#date=2026-02-28&hour=780&partySize=5&rankedBy=SEARCH_ENGINE,0
Gazette Clerkenwell,"86-88 Clerkenwell Road, EC1M 5RJ, London",French,29,9.1,420,50,https://www.thefork.co.uk/restaurant/gazette-clerkenwell-r830258#date=2026-02-28&hour=780&partySize=5&rankedBy=SEARCH_ENGINE,0
Corretto By the Canal,"3 Water Lane, NW1 8NZ, London",British,22,9.1,918,50,https://www.thefork.co.uk/restaurant/corretto-by-the-canal-r812305#date=2026-02-28&hour=780&partySize=5&rankedBy=SEARCH_ENGINE,0
Muhib Indian Cuisine,"73 Brick Lane, E1 6QL, London",Indian,25,9.1,238,50,https://www.thefork.co.uk/restaurant/muhib-indian-cuisine-r723564#date=2026-02-28&hour=780&partySize=5&rankedBy=SEARCH_ENGINE,0
The Soak Bar and Restaurant,"101 Buckingham Palace Road, London, UK, SW1W 0SJ, London",Asian,22,9.1,792,50,https://www.thefork.co.uk/restaurant/the-soak-bar-and-restaurant-r599247#date=2026-02-28&hour=780&partySize=5&rankedBy=SEARCH_ENGINE,0
Primos Mexican Cantina,"17 Blackstock Road, N4 2JF, London",Mexican,25,8.6,851,20,https://www.thefork.co.uk/restaurant/primos-mexican-cantina-r715432#date=2026-02-28&hour=780&partySize=5&rankedBy=SEARCH_ENGINE,0
Bandra Bhai Cocktail Bar,"79-81 Mortimer Street, W1W 7SJ, London",Indian,20,9.4,78,50,https://www.thefork.co.uk/restaurant/bandra-bhai-cocktail-bar-r843976#date=2026-02-28&hour=780&partySize=5&rankedBy=SEARCH_ENGINE,0
The Grill on Fifth at Harrods,"87-135 Brompton Road, SW1X 7XL, London",Grill,55,9.2,361,50,https://www.thefork.co.uk/restaurant/the-grill-on-fifth-at-harrods-r835773#date=2026-02-28&hour=780&partySize=5&rankedBy=SEARCH_ENGINE,0
Mate's restaurant,"Clapham Common South Side, SW4 9DW, London",Mediterranean,30,9.4,55,50,https://www.thefork.co.uk/restaurant/mate-s-restaurant-r831670#date=2026-02-28&hour=780&partySize=5&rankedBy=SEARCH_ENGINE,0
Colonel Saab Trafalgar Square,"42 William IV Street, WC2N 4DD, London",Indian,40,9.2,1184,50,https://www.thefork.co.uk/restaurant/colonel-saab-trafalgar-square-r809882#date=2026-02-28&hour=780&partySize=5&rankedBy=SEARCH_ENGINE,0
Kima,"57 Paddington Street, W1U 4JA, London",Greek,90,9.8,429,30,https://www.thefork.co.uk/restaurant/kima-r805706#date=2026-02-28&hour=780&partySize=5&rankedBy=SEARCH_ENGINE,0
The Sushi Co - Putney,"82 Putney High Street, SW15 1RB, London",Japanese,20,9.4,511,40,https://www.thefork.co.uk/restaurant/the-sushi-co-putney-r813596#date=2026-02-28&hour=780&partySize=5&rankedBy=SEARCH_ENGINE,0
Sagar - Percy Street,"17A Percy Street, W1T 1DU, London",Indian,25,9.0,399,50,https://www.thefork.co.uk/restaurant/sagar-percy-street-r723543#date=2026-02-28&hour=780&partySize=5&rankedBy=SEARCH_ENGINE,0
Naroon Fitzrovia,"65 Great Titchfield Street, W1W, London",Iranian,25,9.3,1979,50,https://www.thefork.co.uk/restaurant/naroon-fitzrovia-r715002#date=2026-02-28&hour=780&partySize=5&rankedBy=SEARCH_ENGINE,0
Carluccio's - Marriott Regents Park,"128 King Henry's Road, NW3 3ST, London",Italian,25,9.8,398,20,https://www.thefork.co.uk/restaurant/carluccio-s-marriott-regents-park-r736208#date=2026-02-28&rankedBy=SEARCH_ENGINE,0
The Sushi Co -  Tower Bridge,"112 Tower Bridge Road, SE1 3NG, London",Japanese,20,9.5,217,30,https://www.thefork.co.uk/restaurant/the-sushi-co-tower-bridge-r847800#date=2026-02-28&hour=780&partySize=5&rankedBy=SEARCH_ENGINE,0
Moet & Chandon Champagne Bar at Harrods,"87-135 Brompton Road, SW1X 7XL, London",Mediterranean,46,9.3,14,50,https://www.thefork.co.uk/restaurant/moet-chandon-champagne-bar-at-harrods-r843722#date=2026-02-28&rankedBy=SEARCH_ENGINE,0
Antika Restaurant,"4 Lauderdale Road, W9 1LU, London",Persian,24,9.4,468,30,https://www.thefork.co.uk/restaurant/antika-restaurant-r804738#date=2026-02-28&hour=780&partySize=5&rankedBy=SEARCH_ENGINE,0
Cafe Chibo,"29 Church Road, NW4 4EB, London",British,12,9.6,82,30,https://www.thefork.co.uk/restaurant/cafe-chibo-r801056#date=2026-02-28&hour=780&partySize=5&rankedBy=SEARCH_ENGINE,0
Eastern Eye Balti House,"63A Brick Lane, E1 6QL, London",Indian,21,8.9,259,50,https://www.thefork.co.uk/restaurant/eastern-eye-balti-house-r746262#date=2026-02-28&hour=780&partySize=5&rankedBy=SEARCH_ENGINE,0
Cecilia's,"42 Drury Lane, WC2E 9LB, London",Italian,25,9.1,144,50,https://www.thefork.co.uk/restaurant/cecilia-s-r827813#date=2026-02-28&hour=780&partySize=5&rankedBy=SEARCH_ENGINE,0
Gest,"152-156 North Gower Street, NW1 2LU, London",European,30,9.0,740,50,https://www.thefork.co.uk/restaurant/gest-r814647#date=2026-02-28&hour=780&partySize=5&rankedBy=SEARCH_ENGINE,0
The Midyeci,"505 Kingsland Road, E8 4AU, London",Mediterranean,29,9.7,80,30,https://www.thefork.co.uk/restaurant/the-midyeci-r840065#date=2026-02-28&hour=780&partySize=5&rankedBy=SEARCH_ENGINE,0
Bamboo-Mat Stratford,"21-24 Victory Parade, E20 1FS, London",Japanese,35,9.5,822,30,https://www.thefork.co.uk/restaurant/bamboo-mat-stratford-r751438#date=2026-02-28&hour=780&partySize=5&rankedBy=SEARCH_ENGINE,0
The Sushi Co -  Walthamstow,"216 Hoe Street, E17 3AY, London",Japanese,20,9.4,48,40,https://www.thefork.co.uk/restaurant/the-sushi-co-walthamstow-r847964#date=2026-02-28&hour=780&partySize=5&rankedBy=SEARCH_ENGINE,0
Koh-i-noor Palace,"22 Station Parade, NW2 4NH, London",Indian,20,9.6,52,30,https://www.thefork.co.uk/restaurant/koh-i-noor-palace-r812395#date=2026-02-28&rankedBy=SEARCH_ENGINE,0
"Mimo's Lounge, Bar & Grill","141 Tooting High Street, SW17 0SY, London",Lebanese,15,9.5,76,30,https://www.thefork.co.uk/restaurant/mimo-s-lounge-bar-grill-r809296#date=2026-02-28&hour=780&partySize=5&rankedBy=SEARCH_ENGINE,0
The Sushi Co - Lewisham,"286 Lewisham High Street, SE13 6JZ, London",Japanese,20,9.4,297,30,https://www.thefork.co.uk/restaurant/the-sushi-co-lewisham-r754354#date=2026-02-28&hour=780&partySize=5&rankedBy=SEARCH_ENGINE,0
Et House,"Fortess Road, NW5 2HR, London",Eastern European,20,9.4,90,30,https://www.thefork.co.uk/restaurant/et-house-r695809#date=2026-02-28&hour=780&partySize=5&rankedBy=SEARCH_ENGINE,0
Pan Asian Street Food,"29 Tooting High Street,  Broadway Market, SW17 0RJ, London",Asian,22,8.6,478,50,https://www.thefork.co.uk/restaurant/pan-asian-street-food-r821318#date=2026-02-28&hour=780&partySize=5&rankedBy=SEARCH_ENGINE,0
Lantern,"21 Clerkenwell Road, EC1M 5RD, London",Chinese,20,8.9,483,50,https://www.thefork.co.uk/restaurant/lantern-r816512#date=2026-02-28&hour=780&partySize=5&rankedBy=SEARCH_ENGINE,0
The Dandy Bar at The Mayfair Townhouse,"27 Half Moon Street, W1J 7BH, London",British,23,8.9,410,50,https://www.thefork.co.uk/restaurant/the-dandy-bar-at-the-mayfair-townhouse-r815706#date=2026-02-28&hour=780&partySize=5&rankedBy=SEARCH_ENGINE,0
Gazette Brasserie Putney,"147 Upper Richmond Road, SW15, London",French,30,8.9,520,50,https://www.thefork.co.uk/restaurant/gazette-brasserie-putney-r746220#date=2026-02-28&hour=780&partySize=5&rankedBy=SEARCH_ENGINE,0
Turmeric Kitchen Paddington,"Westbourne Terrace, W2 3UY, London",Indian,25,9.4,1789,30,https://www.thefork.co.uk/restaurant/turmeric-kitchen-paddington-r740044#date=2026-02-28&rankedBy=SEARCH_ENGINE,0
Pizzeria & Pasqua,"87-135 Brompton Road, SW1X 7XL, London",Italian,53,,,50,https://www.thefork.co.uk/restaurant/pizzeria-pasqua-r856907#date=2026-02-28&hour=780&partySize=5&rankedBy=SEARCH_ENGINE,0
Harrods Café,"87-135 Brompton Road, SW1X 7XL, London",Mediterranean,35,9.2,5,50,https://www.thefork.co.uk/restaurant/harrods-cafe-r856256#date=2026-02-28&hour=780&partySize=5&rankedBy=SEARCH_ENGINE,0
The Sushi Co - Streatham,"82 Streatham Hill, SW2 4RD, London",Japanese,24,9.1,237,40,https://www.thefork.co.uk/restaurant/the-sushi-co-streatham-r815751#date=2026-02-28&hour=780&partySize=5&rankedBy=SEARCH_ENGINE,0
Zzetta-Soul Fired Pizza,"Barking Road 110, E16 1EH, London",Pizzeria,20,9.5,749,20,https://www.thefork.co.uk/restaurant/zzetta-soul-fired-pizza-r724370#date=2026-02-28&hour=780&partySize=5&rankedBy=SEARCH_ENGINE,0
Azzurro - Waterloo,"Arches 145/146, SE1 7ND, London",Italian,34,8.7,245,50,https://www.thefork.co.uk/restaurant/azzurro-waterloo-r596009#date=2026-02-28&hour=780&partySize=5&rankedBy=SEARCH_ENGINE,0
Amarte,"10 Cale Street, SW3 3QU, London",Colombian,40,9.2,159,50,https://www.thefork.co.uk/restaurant/amarte-r847933#date=2026-02-28&hour=780&partySize=5&rankedBy=SEARCH_ENGINE,0
Riya Restaurant,"556 Kingsbury Road, NW9 9HJ, London",Indian,20,9.4,57,30,https://www.thefork.co.uk/restaurant/riya-restaurant-r850794#date=2026-02-28&hour=780&partySize=5&rankedBy=SEARCH_ENGINE,0
Galleria Restaurant,"43-45 Porchester Road, W2 5DP, London",Iranian,25,9.3,145,30,https://www.thefork.co.uk/restaurant/galleria-restaurant-r834199#date=2026-02-28&hour=780&partySize=5&rankedBy=SEARCH_ENGINE,0
Ayam Zaman,"258 Uxbridge Road, W12 7JA, London",Syrian,25,9.3,222,30,https://www.thefork.co.uk/restaurant/ayam-zaman-r824133#date=2026-02-28&hour=780&partySize=5&rankedBy=SEARCH_ENGINE,0
Koka,"244 North End Road, SW6 1NL, London",European,24,9.3,165,30,https://www.thefork.co.uk/restaurant/koka-r818239#date=2026-02-28&hour=780&partySize=5&rankedBy=SEARCH_ENGINE,0
Amalfi Lounge - Covent Garden,"59 Endell Street, WC2H 9AJ, London",Italian,20,9.2,661,30,https://www.thefork.co.uk/restaurant/amalfi-lounge-covent-garden-r712222#date=2026-02-28&hour=780&partySize=5&rankedBy=SEARCH_ENGINE,0
Joon,"56 Warren Street, W1T 5NP, London",Fusion,20,9.4,297,30,https://www.thefork.co.uk/restaurant/joon-r841808#date=2026-02-28&hour=780&partySize=5&rankedBy=SEARCH_ENGINE,0
Gazzab,"245 Goldhawk Road, W12 8EU, London",Indian,25,9.4,192,30,https://www.thefork.co.uk/restaurant/gazzab-r834819#date=2026-02-28&hour=780&partySize=5&rankedBy=SEARCH_ENGINE,0
Hana Persian Restaurant,"351 West End Lane, NW6 1LT, London",Mediterranean,24,9.3,311,30,https://www.thefork.co.uk/restaurant/hana-persian-restaurant-r804729#date=2026-02-28&hour=780&partySize=5&rankedBy=SEARCH_ENGINE,0
Dub Pan,"Broadway Market Tooting, 29 Tooting High Street , SW17 0SP, London",Caribbean,25,9.2,15,50,https://www.thefork.co.uk/restaurant/dub-pan-r835725#date=2026-02-28&hour=780&partySize=5&rankedBy=SEARCH_ENGINE,0
Enso lounge,"124 Brick Lane, E1 6RU, London",Thai,30,8.6,1802,50,https://www.thefork.co.uk/restaurant/enso-lounge-r755430#date=2026-02-28&hour=780&partySize=5&rankedBy=SEARCH_ENGINE,0
Al Santo,"23 Vanston Place, SW6 1AZ , London",Italian,35,9.5,29,30,https://www.thefork.co.uk/restaurant/al-santo-r852905#date=2026-02-28&hour=780&partySize=5&rankedBy=SEARCH_ENGINE,0
Afternoon Tea at TOKii,"50 Marble Arch, Great Cumberland Place, W1H 7FD, London",Afternoon Tea,50,9.3,60,30,https://www.thefork.co.uk/restaurant/afternoon-tea-at-tokii-r839832#date=2026-02-28&hour=780&partySize=5&rankedBy=SEARCH_ENGINE,0
The Brush East London Grande Café,"84 Great Eastern Street, EC2A 3DT, London",European,25,9.2,76,30,https://www.thefork.co.uk/restaurant/the-brush-east-london-grande-cafe-r827337#date=2026-02-28&hour=780&partySize=5&rankedBy=SEARCH_ENGINE,0
The Sushi Co - Marylebone,"48 Crawford Street, W1H 1JY, London",Japanese,20,9.1,310,30,https://www.thefork.co.uk/restaurant/the-sushi-co-marylebone-r814786#date=2026-02-28&hour=780&partySize=5&rankedBy=SEARCH_ENGINE,0
Fitz’s Brasserie,"1-8 Russell Square, WC1B 5BE, London",British,45,9.2,147,30,https://www.thefork.co.uk/restaurant/fitz-s-brasserie-r813918#date=2026-02-28&hour=780&partySize=5&rankedBy=SEARCH_ENGINE,0
Harrods Burgers,"87-135 Brompton Road, SW1X 7XL, London",American,45,8.9,12,50,https://www.thefork.co.uk/restaurant/harrods-burgers-r856056#date=2026-02-28&hour=780&partySize=5&rankedBy=SEARCH_ENGINE,0
The Parlour,"167 Stoke Newington Church Street, N16 0UL, London",Mediterranean,18,9.5,23,40,https://www.thefork.co.uk/restaurant/the-parlour-r806561#date=2026-02-28&hour=780&partySize=5&rankedBy=SEARCH_ENGINE,0
Haven Grill,"34 Haven Green, W5 2NX, London",Turkish,25,9.5,346,20,https://www.thefork.co.uk/restaurant/haven-grill-r801153#date=2026-02-28&hour=780&partySize=5&rankedBy=SEARCH_ENGINE,0
Gourmet Sushi Holborn,"76 Southampton Row, WC1B 4AR, London",Asian,20,8.4,9,50,https://www.thefork.co.uk/restaurant/gourmet-sushi-holborn-r856160#date=2026-02-28&hour=780&partySize=5&rankedBy=SEARCH_ENGINE,0
Archy’s Bar & Lounge at The Marble Arch Hotel,"4 Bryanston Street, W1H 7EF, London",American,25,8.5,90,50,https://www.thefork.co.uk/restaurant/archy-s-bar-lounge-at-the-marble-arch-hotel-r734366#date=2026-02-28&hour=780&partySize=5&rankedBy=SEARCH_ENGINE,0
Sagar Vegan & Vegetarian Restaurant - Leicester Square,"37 Panton Street, Haymarket, SW1Y 4EA, London",Indian,25,8.5,601,50,https://www.thefork.co.uk/restaurant/sagar-vegan-vegetarian-restaurant-leicester-square-r723546#date=2026-02-28&hour=780&partySize=5&rankedBy=SEARCH_ENGINE,0
Mumbai Maska,"42 Old Church Road, E4 8DB, London",Indian,25,,,50,https://www.thefork.co.uk/restaurant/mumbai-maska-r707615#date=2026-02-28&hour=780&partySize=5&rankedBy=SEARCH_ENGINE,0
Beza Ethiopian Food,"8A Sayer Street, SE17 1FH, London",Ethiopian,25,9.3,108,30,https://www.thefork.co.uk/restaurant/beza-ethiopian-food-r742009#date=2026-02-28&hour=780&partySize=5&rankedBy=SEARCH_ENGINE,0
Mildreds - Canary Wharf,"12 Park Drive, Canary Wharf Estate,  E14 9ZW, London",Vegan,38,9.5,14,30,https://www.thefork.co.uk/restaurant/mildreds-canary-wharf-r855458#date=2026-02-28&hour=780&partySize=5&rankedBy=SEARCH_ENGINE,0
Three Compadres,"29 Tooting High Street, SW17 0SN, London",Mexican,36,9.5,17,30,https://www.thefork.co.uk/restaurant/three-compadres-r845220#date=2026-02-28&rankedBy=SEARCH_ENGINE,0
Chez Rapha,"48 Ropewalk, SE1 3NY, London",French,20,9.3,22,30,https://www.thefork.co.uk/restaurant/chez-rapha-r835975#date=2026-02-28&hour=780&partySize=5&rankedBy=SEARCH_ENGINE,0
The Sushi Co - Ealing Broadway,"23 New Broadway, W5 5AW, London",Asian,17,8.9,734,40,https://www.thefork.co.uk/restaurant/the-sushi-co-ealing-broadway-r754337#date=2026-02-28&hour=780&partySize=5&rankedBy=SEARCH_ENGINE,0
Flavors of India,"46 Gloucester Terrace, W2 3HH, London",Indian,20,9.0,235,30,https://www.thefork.co.uk/restaurant/flavors-of-india-r748615#date=2026-02-28&hour=780&partySize=5&rankedBy=SEARCH_ENGINE,0
Pippin's Restaurant,"1-15 Templeton Place, SW5 9NB, London",British,45,9.2,61,30,https://www.thefork.co.uk/restaurant/pippin-s-restaurant-r846199#date=2026-02-28&hour=780&partySize=5&rankedBy=SEARCH_ENGINE,0
Bistro 1,"27 Frith Street, W1D 5LE, London",Mediterranean,25,9.0,399,40,https://www.thefork.co.uk/restaurant/bistro-1-r749281#date=2026-02-28&hour=780&partySize=5&rankedBy=SEARCH_ENGINE,0
Diwan Restaurant,"31 Thayer Street, W1U 2QR, London",Lebanese,20,9.5,120,20,https://www.thefork.co.uk/restaurant/diwan-restaurant-r695843#date=2026-02-28&hour=780&partySize=5&rankedBy=SEARCH_ENGINE,0
Gourmet Sushi Notting Hill Gate,"24 Notting Hill Gate, W11 3LB, London",Asian,18,8.1,15,50,https://www.thefork.co.uk/restaurant/gourmet-sushi-notting-hill-gate-r856162#date=2026-02-28&hour=780&partySize=5&rankedBy=SEARCH_ENGINE,0
Cheeky Chicos Clapham,"126 Saint John's Hill, SW11 1SL, London",Mexican,22,9.1,450,30,https://www.thefork.co.uk/restaurant/cheeky-chicos-clapham-r833911#date=2026-02-28&hour=780&partySize=5&rankedBy=SEARCH_ENGINE,0
Papaya,"161 Northfield Avenue, W13 9QT, London",Indian,25,9.2,203,30,https://www.thefork.co.uk/restaurant/papaya-r824750#date=2026-02-28&hour=780&partySize=5&rankedBy=SEARCH_ENGINE,0
La Cucina Di Daffy 2,"10 Theobalds Road, WC1X 8PN, London",Italian,25,9.1,327,30,https://www.thefork.co.uk/restaurant/la-cucina-di-daffy-2-r752343#date=2026-02-28&hour=780&partySize=5&rankedBy=SEARCH_ENGINE,0
Pane Cunzato - pizza & more,"49 Museum Street, WC1A 1LY, London",Italian,18,9.1,2690,30,https://www.thefork.co.uk/restaurant/pane-cunzato-pizza-more-r691797#date=2026-02-28&hour=780&partySize=5&rankedBy=SEARCH_ENGINE,0
The Monsoon,"78 Brick Lane, Shadwell, London E1 6RL, UK, E1 6RL, London",Indian,17,9.1,341,30,https://www.thefork.co.uk/restaurant/the-monsoon-r622093#date=2026-02-28&hour=780&partySize=5&rankedBy=SEARCH_ENGINE,0
Pizza And Grill Wood Oven Pizza,"16A Coldharbour Lane, SE5 9PR, London",International,25,7.1,4,50,https://www.thefork.co.uk/restaurant/pizza-and-grill-wood-oven-pizza-r856265#date=2026-02-28&hour=780&partySize=5&rankedBy=SEARCH_ENGINE,0
Ishtar Restaurant,"10-12 Crawford Street, W1U 6AZ, London",Mediterranean,45,9.3,254,20,https://www.thefork.co.uk/restaurant/ishtar-restaurant-r809097#date=2026-02-28&hour=780&partySize=5&rankedBy=SEARCH_ENGINE,0
Jalisco - Loughborough Junction,"234 Coldharbour Lane, SW9 8SD, London",Mexican,18,9.3,105,20,https://www.thefork.co.uk/restaurant/jalisco-loughborough-junction-r800517#date=2026-02-28&hour=780&partySize=5&rankedBy=SEARCH_ENGINE,0
Thirteen LDN,"1-3 Denmark Street, WC2H 8LP, London",Asian,25,9.3,138,20,https://www.thefork.co.uk/restaurant/thirteen-ldn-r754753#date=2026-02-28&hour=780&partySize=5&rankedBy=SEARCH_ENGINE,0
Lima Cantina,"14 Garrick Street, WC2E 9BJ, London",Peruvian,32,9.2,484,20,https://www.thefork.co.uk/restaurant/lima-cantina-r639461#date=2026-02-28&hour=780&partySize=5&rankedBy=SEARCH_ENGINE,0
Auberge - Waterloo,"1 Sandell Street, SE1 8UH, London",French,34,8.3,311,50,https://www.thefork.co.uk/restaurant/auberge-waterloo-r595723#date=2026-02-28&hour=780&partySize=5&rankedBy=SEARCH_ENGINE,0
Fulham Indian,"146 Wandsworth Bridge Road, SW6 2UH, London",Indian,25,9.6,59,20,https://www.thefork.co.uk/restaurant/fulham-indian-r727206#date=2026-02-28&hour=780&partySize=5&rankedBy=SEARCH_ENGINE,0
Indian Zing,"236 King Street, London, W6 ORF, W6 0RF, London",Indian,30,9.3,417,20,https://www.thefork.co.uk/restaurant/indian-zing-r692057#date=2026-02-28&hour=780&partySize=5&rankedBy=SEARCH_ENGINE,0
Fitzroy Wine Cellar & Kitchen,"86 Cleveland Street, W1T 6NQ, London",Italian,35,8.8,880,50,https://www.thefork.co.uk/restaurant/fitzroy-wine-cellar-kitchen-r659183#date=2026-02-28&hour=780&partySize=5&rankedBy=SEARCH_ENGINE,0
Caribbean Classic,"7 Ace Parade, KT9 1DR, London",Caribbean,19,7.4,9,50,https://www.thefork.co.uk/restaurant/caribbean-classic-r849344#date=2026-02-28&hour=780&partySize=5&rankedBy=SEARCH_ENGINE,0
Ukai,"240 Portobello Road, W11 1LL, London",Asian,40,8.9,809,30,https://www.thefork.co.uk/restaurant/ukai-r816505#date=2026-02-28&hour=780&partySize=5&rankedBy=SEARCH_ENGINE,0
Vicinity at The Tower Hotel,"Saint Katharine's Way, E1W 1LD, London",European,27,8.2,262,50,https://www.thefork.co.uk/restaurant/vicinity-at-the-tower-hotel-r596017#date=2026-02-28&rankedBy=SEARCH_ENGINE,0
Prosecco Caffè Soho,"26 Frith Street, W1D 5LD, London",Italian,25,8.9,1678,40,https://www.thefork.co.uk/restaurant/prosecco-caffe-soho-r829699#date=2026-02-28&hour=780&partySize=5&rankedBy=SEARCH_ENGINE,0
Engocha Cuisine,"143 Fortess Road, NW5 2HR, London",Ethiopian,20,9.6,20,20,https://www.thefork.co.uk/restaurant/engocha-cuisine-r845791#date=2026-02-28&hour=780&partySize=5&rankedBy=SEARCH_ENGINE,0
Sushiwa,"28-30 Highgate Hill, N19 5NL, London",Asian,25,9.6,21,20,https://www.thefork.co.uk/restaurant/sushiwa-r842313#date=2026-02-28&hour=780&partySize=5&rankedBy=SEARCH_ENGINE,0
Mezopoly,"366 Green Lanes, N13 5PE, London",Greek,20,9.4,40,20,https://www.thefork.co.uk/restaurant/mezopoly-r835535#date=2026-02-28&hour=780&partySize=5&rankedBy=SEARCH_ENGINE,0
King’s Cross Tandoori,"341 Grays Inn Road, WC1X 8PX, London",Indian,20,9.4,43,20,https://www.thefork.co.uk/restaurant/king-s-cross-tandoori-r827894#date=2026-02-28&hour=780&partySize=5&rankedBy=SEARCH_ENGINE,0
DeGusto - Camden,"94 Camden Road, NW1 9EA, London",Abruzzese,30,9.1,383,20,https://www.thefork.co.uk/restaurant/degusto-camden-r722478#date=2026-02-28&hour=780&partySize=5&rankedBy=SEARCH_ENGINE,0
The Rajdoot - Hampstead,"104 Fleet Road, NW3 2QX, London",Indian,20,9.2,103,20,https://www.thefork.co.uk/restaurant/the-rajdoot-hampstead-r716750#date=2026-02-28&hour=780&partySize=5&rankedBy=SEARCH_ENGINE,0
Bistro Mirlot,"71-79 Southwark Street, SE1 0JA, London",French,25,9.6,6,30,https://www.thefork.co.uk/restaurant/bistro-mirlot-r856371#date=2026-02-28&hour=780&partySize=5&rankedBy=SEARCH_ENGINE,0
Mildreds - Camden,"9 Jamestown Road, NW1 7BW, London",Vegan,38,9.2,10,30,https://www.thefork.co.uk/restaurant/mildreds-camden-r855462#date=2026-02-28&hour=780&partySize=5&rankedBy=SEARCH_ENGINE,0
Meghna Grill Indian Restaurant.,"113 Boundary Road, NW8 0RG, London",Indian,30,9.0,30,30,https://www.thefork.co.uk/restaurant/meghna-grill-indian-restaurant-r843459#date=2026-02-28&hour=780&partySize=5&rankedBy=SEARCH_ENGINE,0
Ikkan Sushi,"142 Marylebone Road, NW1 5PH, London",Japanese,15,8.8,290,30,https://www.thefork.co.uk/restaurant/ikkan-sushi-r831427#date=2026-02-28&hour=780&partySize=5&rankedBy=SEARCH_ENGINE,0
SlowBurn,"114b Blackhorse Lane, E17 6AA, London",European,25,9.7,114,20,https://www.thefork.co.uk/restaurant/slowburn-r823605#date=2026-02-28&rankedBy=SEARCH_ENGINE,0
The Sushi Co – Camden,"71 Camden High Street, NW1 7JL, London",Japanese,20,8.8,695,30,https://www.thefork.co.uk/restaurant/the-sushi-co-camden-r813989#date=2026-02-28&hour=780&partySize=5&rankedBy=SEARCH_ENGINE,0
Lima Shoreditch,"5 Sun Street, EC2A, London",Peruvian,50,9.3,181,20,https://www.thefork.co.uk/restaurant/lima-shoreditch-r831032#date=2026-02-28&hour=780&partySize=5&rankedBy=SEARCH_ENGINE,0
Sushi Moka,"18 Ryeland Boulevard, Greater, SW18 1UN, London",Asian,22,9.7,12,20,https://www.thefork.co.uk/restaurant/sushi-moka-r851868#date=2026-02-28&hour=780&partySize=5&rankedBy=SEARCH_ENGINE,0
Konnichiwa Japanese Cuisine,"10 High Street, N8 7PB, London",Asian,25,9.0,297,20,https://www.thefork.co.uk/restaurant/konnichiwa-japanese-cuisine-r810135#date=2026-02-28&rankedBy=SEARCH_ENGINE,0
"Jambo Zamsareh Restaurant, London","126 West Green Road, N15 5AA, London",African,20,9.5,19,20,https://www.thefork.co.uk/restaurant/jambo-zamsareh-restaurant-london-r806162#date=2026-02-28&rankedBy=SEARCH_ENGINE,0
The Restaurant & Bar at The Kingsley Hotel,"36-37 Bloomsbury Way, WC1A 2SD, London",European,25,7.8,119,50,https://www.thefork.co.uk/restaurant/the-restaurant-bar-at-the-kingsley-hotel-r728929#date=2026-02-28&hour=780&partySize=5&rankedBy=SEARCH_ENGINE,0
The Sushi Co Harringay,"Green Lanes, N4 1EU, London",Japanese,20,9.1,34,30,https://www.thefork.co.uk/restaurant/the-sushi-co-harringay-r838261#date=2026-02-28&hour=780&partySize=5&rankedBy=SEARCH_ENGINE,0
Marathon,"193A Caledonian Road, N1 0SL, London",Ethiopian,25,8.9,129,30,https://www.thefork.co.uk/restaurant/marathon-r730083#date=2026-02-28&hour=780&partySize=5&rankedBy=SEARCH_ENGINE,0
Afghan Eats,"134 Brick Lane, E1 6RU, London",Afghan,25,9.3,4,30,https://www.thefork.co.uk/restaurant/afghan-eats-r853598#date=2026-02-28&hour=780&partySize=5&rankedBy=SEARCH_ENGINE,0
L'angolo,"178-180 Saint John Street, EC1V 4JY, London",Mediterranean,30,9.2,3,30,https://www.thefork.co.uk/restaurant/l-angolo-r853426#date=2026-02-28&hour=780&partySize=5&rankedBy=SEARCH_ENGINE,0
Barge East,"Whitepost Lane River Lee, Sweetwater Mooring, Hackney Wick E9 5EN London, E9 5EN, London",British,45,8.7,73,30,https://www.thefork.co.uk/restaurant/barge-east-r807666#date=2026-02-28&hour=780&partySize=5&rankedBy=SEARCH_ENGINE,0
The Sushi Co - Wimbledon,"42 Wimbledon Hill Road, SW19 7PA, London",Japanese,17,8.7,397,30,https://www.thefork.co.uk/restaurant/the-sushi-co-wimbledon-r806015#date=2026-02-28&hour=780&partySize=5&rankedBy=SEARCH_ENGINE,0
Shah Tandoori,"159 Drummond Street, NW1 2PB, London",Indian,25,8.7,140,30,https://www.thefork.co.uk/restaurant/shah-tandoori-r733364#date=2026-02-28&hour=780&partySize=5&rankedBy=SEARCH_ENGINE,0
Sheba Brick Lane,"136 Brick Lane, E1 6RU, London",Indian,20,8.7,448,30,https://www.thefork.co.uk/restaurant/sheba-brick-lane-r596331#date=2026-02-28&hour=780&partySize=5&rankedBy=SEARCH_ENGINE,0
Indian Gourmet,"64 Borough High Street, SE1 1XF, London",Indian,30,9.4,30,20,https://www.thefork.co.uk/restaurant/indian-gourmet-r842853#date=2026-02-28&hour=780&partySize=5&rankedBy=SEARCH_ENGINE,0
Sakusei,"Chapel Market, N1 9EW, London",Japanese,22,9.2,153,20,https://www.thefork.co.uk/restaurant/sakusei-r826907#date=2026-02-28&hour=780&partySize=5&rankedBy=SEARCH_ENGINE,0
Mildreds - Kings Cross,"200 Pentonville Road, N1 9JP, London",Vegan,38,9.1,15,30,https://www.thefork.co.uk/restaurant/mildreds-kings-cross-r855461#date=2026-02-28&rankedBy=SEARCH_ENGINE,0
The Junction Tavern,"101 Fortess Road, NW5 1AG, London",British,30,9.6,4,30,https://www.thefork.co.uk/restaurant/the-junction-tavern-r854494#date=2026-02-28&hour=780&partySize=5&rankedBy=SEARCH_ENGINE,0
The Sushi Co - Victoria,"30 Upper Tachbrook Street, SW1V 1SW, London",Japanese,15,8.5,560,50,https://www.thefork.co.uk/restaurant/the-sushi-co-victoria-r806240#date=2026-02-28&hour=780&partySize=5&rankedBy=SEARCH_ENGINE,0
Awafee,"12 Station Parade, NW2 4NN, London",Middle Eastern,25,,,30,https://www.thefork.co.uk/restaurant/awafee-r856852#date=2026-02-28&hour=780&partySize=5&rankedBy=SEARCH_ENGINE,0
Rung Mahal,"84 Tooting High Street, SW17 0RN, London",Afghan,20,9.7,6,20,https://www.thefork.co.uk/restaurant/rung-mahal-r853829#date=2026-02-28&hour=780&partySize=5&rankedBy=SEARCH_ENGINE,0
Naiad Seafood Restaurant,"24 Westow Hill, SE19 1RX, London",Seafood,35,,,30,https://www.thefork.co.uk/restaurant/naiad-seafood-restaurant-r849340#date=2026-02-28&hour=780&partySize=5&rankedBy=SEARCH_ENGINE,0
Chez Mal at Malmaison London,"18 Charterhouse Square, EC1M 6AH, London",British,40,8.6,63,30,https://www.thefork.co.uk/restaurant/chez-mal-at-malmaison-london-r845834#date=2026-02-28&hour=780&partySize=5&rankedBy=SEARCH_ENGINE,0
Sophe Ethiopian and Eritrean Cuisine Vegetable,"269 Caledonian Road, N1 1EE, London",Eritrean,18,9.6,8,20,https://www.thefork.co.uk/restaurant/sophe-ethiopian-and-eritrean-cuisine-vegetable-r836658#date=2026-02-28&hour=780&partySize=5&rankedBy=SEARCH_ENGINE,0
Grill 4all,"453 North End Road, SW6 1NZ, London",Greek,20,9.0,74,20,https://www.thefork.co.uk/restaurant/grill-4all-r835284#date=2026-02-28&hour=780&partySize=5&rankedBy=SEARCH_ENGINE,0
Ukiyo Handroll Bar,"8 Slingsby Place, WC2H 9DL, London",Japanese,35,9.0,133,20,https://www.thefork.co.uk/restaurant/ukiyo-handroll-bar-r825564#date=2026-02-28&hour=780&partySize=5&rankedBy=SEARCH_ENGINE,0
Fish n Flame,"100 High Road, N2 9EB, London",,25,8.6,89,30,https://www.thefork.co.uk/restaurant/fish-n-flame-r821296#date=2026-02-28&rankedBy=SEARCH_ENGINE,0
Med Bistro Restaurant,"115 Kingsland High Street, E8 2PB, London",Turkish,25,8.5,15,30,https://www.thefork.co.uk/restaurant/med-bistro-restaurant-r746243#date=2026-02-28&hour=780&partySize=5&rankedBy=SEARCH_ENGINE,0
Kamasutra Indian restaurant,"2 Holcombe Street, W6 9JR, London",Indian,30,9.0,56,20,https://www.thefork.co.uk/restaurant/kamasutra-indian-restaurant-r743569#date=2026-02-28&hour=780&partySize=5&rankedBy=SEARCH_ENGINE,0
N3 Indian Tandoor And Bar,"12 Long Lane, N3 2PT, London",Indian,25,9.3,34,20,https://www.thefork.co.uk/restaurant/n3-indian-tandoor-and-bar-r850600#date=2026-02-28&hour=780&partySize=5&rankedBy=SEARCH_ENGINE,0
Zuzu Bistro Bar,"49 Great Eastern Road, E15 1DL, London",Mediterranean,35,9.3,36,20,https://www.thefork.co.uk/restaurant/zuzu-bistro-bar-r849990#date=2026-02-28&hour=780&partySize=5&rankedBy=SEARCH_ENGINE,0
Sixes Social Cricket - Fitzrovia,"170 Great Portland Street, W1W 5QB, London",British,25,7.4,32,50,https://www.thefork.co.uk/restaurant/sixes-social-cricket-fitzrovia-r847643#date=2026-02-28&hour=780&partySize=5&rankedBy=SEARCH_ENGINE,0
Leila Moroccan and Lebanese Restaurant,"London, W5 3NN, London",Lebanese,25,9.4,24,20,https://www.thefork.co.uk/restaurant/leila-moroccan-and-lebanese-restaurant-r847571#date=2026-02-28&hour=780&partySize=5&rankedBy=SEARCH_ENGINE,0
Maiella Worth,"789 Wandsworth Road, SW8 3JQ, London",Abruzzese,25,9.0,197,20,https://www.thefork.co.uk/restaurant/maiella-worth-r737087#date=2026-02-28&hour=780&partySize=5&rankedBy=SEARCH_ENGINE,0
Bombay Palace,"50 Connaught Street, W2 2AA, London",Indian,40,9.0,429,20,https://www.thefork.co.uk/restaurant/bombay-palace-r614445#date=2026-02-28&hour=780&partySize=5&rankedBy=SEARCH_ENGINE,0
TOKii,"50 Marble Arch, Great Cumberland Place, W1H 7FD, London",Japanese,50,8.7,359,30,https://www.thefork.co.uk/restaurant/tokii-r839833#date=2026-02-28&hour=780&partySize=5&rankedBy=SEARCH_ENGINE,0
The Sushi Co - Waterloo,"89 Lower Marsh, SE1 7AB, London",Japanese,17,8.7,576,30,https://www.thefork.co.uk/restaurant/the-sushi-co-waterloo-r806357#date=2026-02-28&hour=780&partySize=5&rankedBy=SEARCH_ENGINE,0
Chinese Little Princess,"3 Craven Terrace, W2 3QD, London",Asian,30,8.7,90,30,https://www.thefork.co.uk/restaurant/chinese-little-princess-r750701#date=2026-02-28&hour=780&partySize=5&rankedBy=SEARCH_ENGINE,0
Turmeric Kitchen- Pinner,"50 Field End Road, HA5 2QN, London",Indian,25,8.7,829,30,https://www.thefork.co.uk/restaurant/turmeric-kitchen-pinner-r740127#date=2026-02-28&hour=780&partySize=5&rankedBy=SEARCH_ENGINE,0
Richoux,"15 Langham Place, W1B 3DE, London",French,50,9.4,5,20,https://www.thefork.co.uk/restaurant/richoux-r849922#date=2026-02-28&hour=780&partySize=5&rankedBy=SEARCH_ENGINE,0
Zoya Indian Lounge,"329a Grays Inn Road, WC1X 8PX, London",Indian,20,8.5,148,30,https://www.thefork.co.uk/restaurant/zoya-indian-lounge-r843708#date=2026-02-28&hour=780&partySize=5&rankedBy=SEARCH_ENGINE,0
Bocconi,"5 Goldhawk Road, W12 8QQ, London",Italian,25,8.8,92,20,https://www.thefork.co.uk/restaurant/bocconi-r839054#date=2026-02-28&hour=780&partySize=5&rankedBy=SEARCH_ENGINE,0
Efes Restaurant,"56 Maple Street, W1T 6HW, London",Mediterranean,28,8.8,81,20,https://www.thefork.co.uk/restaurant/efes-restaurant-r823448#date=2026-02-28&hour=780&partySize=5&rankedBy=SEARCH_ENGINE,0
Buna Ethiopian Restaurant,"87 Holloway Road, N7 8LT, London",Ethiopian,18,8.8,111,20,https://www.thefork.co.uk/restaurant/buna-ethiopian-restaurant-r734137#date=2026-02-28&hour=780&partySize=5&rankedBy=SEARCH_ENGINE,0
La Casetta Clerkenwell,"160 Clerkenwell Road, EC1R 5DU, London",Italian,25,8.8,192,20,https://www.thefork.co.uk/restaurant/la-casetta-clerkenwell-r706983#date=2026-02-28&hour=780&partySize=5&rankedBy=SEARCH_ENGINE,0
Clemence Bar and Restaurant,"46-48 Shepherd Market, W1J 7QS, London",Italian,30,8.2,76,50,https://www.thefork.co.uk/restaurant/clemence-bar-and-restaurant-r827810#date=2026-02-28&hour=780&partySize=5&rankedBy=SEARCH_ENGINE,0
Little Italy - Leicester Square,"Irving Street, Leicester Square, WC2H 7LH, London",Italian,35,8.2,91,50,https://www.thefork.co.uk/restaurant/little-italy-leicester-square-r827779#date=2026-02-28&hour=780&partySize=5&rankedBy=SEARCH_ENGINE,0
The Resto,"276 Saint Paul's Road, N1 2LH, London",Italian,25,9.1,38,20,https://www.thefork.co.uk/restaurant/the-resto-r848526#date=2026-02-28&hour=780&partySize=5&rankedBy=SEARCH_ENGINE,0
Dosa n Chutney,"68 Tooting High Street, SW17 0RN, London",Indian,20,9.0,48,20,https://www.thefork.co.uk/restaurant/dosa-n-chutney-r841074#date=2026-02-28&hour=780&partySize=5&rankedBy=SEARCH_ENGINE,0
Masala Essence Indian Restaurant,"4 Leigh Street, WC1H 9EW, London",Indian,25,9.0,76,20,https://www.thefork.co.uk/restaurant/masala-essence-indian-restaurant-r839790#date=2026-02-28&hour=780&partySize=5&rankedBy=SEARCH_ENGINE,0
The Blue Owl,"155 Stroud Green Road, N4 3PZ, London",European,14,9.1,22,20,https://www.thefork.co.uk/restaurant/the-blue-owl-r837332#date=2026-02-28&hour=780&partySize=5&rankedBy=SEARCH_ENGINE,0
L’Ulivo - Leicester Square,"14 Irving Street, WC2H 7AF, London",Italian,34,8.9,594,20,https://www.thefork.co.uk/restaurant/l-ulivo-leicester-square-r806545#date=2026-02-28&hour=780&partySize=5&rankedBy=SEARCH_ENGINE,0
Mumbai Square,"7 Middlesex Street, E1 7AA, London",Indian,30,,,20,https://www.thefork.co.uk/restaurant/mumbai-square-r856951#date=2026-02-28&hour=780&partySize=5&rankedBy=SEARCH_ENGINE,0
Cypriot Heights,"170 Station Road, E4 6AN, London",Greek,30,,,20,https://www.thefork.co.uk/restaurant/cypriot-heights-r855958#date=2026-02-28&hour=780&partySize=5&rankedBy=SEARCH_ENGINE,0
Aya Lebanese Cuisine South Wimbledon,"195-197 Merton Road, SW19 1EE, London",Lebanese,30,8.9,15,20,https://www.thefork.co.uk/restaurant/aya-lebanese-cuisine-south-wimbledon-r849421#date=2026-02-28&hour=780&partySize=5&rankedBy=SEARCH_ENGINE,0
Sahara,"7 Saint John's Wood High Street, NW8 7NG, London",Lebanese,30,8.8,8,20,https://www.thefork.co.uk/restaurant/sahara-r848333#date=2026-02-28&hour=780&partySize=5&rankedBy=SEARCH_ENGINE,0
Rasoi Ghar,"137 Leman Street, E1 8EY, London",Indian,30,8.9,13,20,https://www.thefork.co.uk/restaurant/rasoi-ghar-r838090#date=2026-02-28&hour=780&partySize=5&rankedBy=SEARCH_ENGINE,0
Tsehay Ethiopian Restaurant,"63 Willesden Lane, NW6 7RL, London",Ethiopian,25,9.1,8,20,https://www.thefork.co.uk/restaurant/tsehay-ethiopian-restaurant-r837057#date=2026-02-28&hour=780&partySize=5&rankedBy=SEARCH_ENGINE,0
Jalisco Brixton,"24-25 Brixton Village, SW9 8PR, London",Mexican,20,8.4,148,30,https://www.thefork.co.uk/restaurant/jalisco-brixton-r815413#date=2026-02-28&hour=780&partySize=5&rankedBy=SEARCH_ENGINE,0
The Sushi Co - Notting Hill,"168 Portobello Road, W11 2EB, London",Japanese,20,8.4,203,30,https://www.thefork.co.uk/restaurant/the-sushi-co-notting-hill-r814784#date=2026-02-28&hour=780&partySize=5&rankedBy=SEARCH_ENGINE,0
Salaam Namaste,"68 Millman Street Off Guilford Street, WC1N 3EF, London",Indian,25,8.4,145,30,https://www.thefork.co.uk/restaurant/salaam-namaste-r756848#date=2026-02-28&hour=780&partySize=5&rankedBy=SEARCH_ENGINE,0
Wolkite Reastaurant,"82 Hornsey Road, N7 7NN, London",African,15,9.1,69,20,https://www.thefork.co.uk/restaurant/wolkite-reastaurant-r736759#date=2026-02-28&hour=780&partySize=5&rankedBy=SEARCH_ENGINE,0
The Britannia Pub & Kitchen,"20 Monument Street, EC3R 8AJ, London",British,25,7.1,4,30,https://www.thefork.co.uk/restaurant/the-britannia-pub-kitchen-r856284#date=2026-02-28&hour=780&partySize=5&rankedBy=SEARCH_ENGINE,0
Fuko,"64 Westow Hill, SE19 1RX, London",Asian,30,7.2,5,30,https://www.thefork.co.uk/restaurant/fuko-r853627#date=2026-02-28&hour=780&partySize=5&rankedBy=SEARCH_ENGINE,0
Limoncello - Leicester Square,"42 Cranbourn Street, WC2H, London",Italian,30,7.6,7,30,https://www.thefork.co.uk/restaurant/limoncello-leicester-square-r852129#date=2026-02-28&hour=780&partySize=5&rankedBy=SEARCH_ENGINE,0
Afternoon Tea at The Kingsley Hotel,"36 Bloomsbury Way, WC1A, London",British,30,8.2,35,30,https://www.thefork.co.uk/restaurant/afternoon-tea-at-the-kingsley-hotel-r737386#date=2026-02-28&hour=780&partySize=5&rankedBy=SEARCH_ENGINE,0
Thainese,"313A Hoe Street, E17 9BG, London",Chinese,12,9.0,20,20,https://www.thefork.co.uk/restaurant/thainese-r833975#date=2026-02-28&hour=780&partySize=5&rankedBy=SEARCH_ENGINE,0
Angel and Crown,"Roman Road, E2 0RY, London",International,20,8.0,6,30,https://www.thefork.co.uk/restaurant/angel-and-crown-r833680#date=2026-02-28&rankedBy=SEARCH_ENGINE,0
AperiPasta Italian Kitchen & Prosecco Bar,"8 Charleville Road, W14 9JL, London",Abruzzese,25,9.1,365,50,https://www.thefork.co.uk/restaurant/aperipasta-italian-kitchen-prosecco-bar-r737301#date=2026-02-28&hour=780&partySize=5&rankedBy=SEARCH_ENGINE,0
Bab Mansour,"57 Endell Street, WC2H 9AJ, London",Lebanese,20,8.8,2085,20,https://www.thefork.co.uk/restaurant/bab-mansour-r713596#date=2026-02-28&hour=780&partySize=5&rankedBy=SEARCH_ENGINE,0
Aloo Tama Nepalese Restaurant,"18 Greencoat Row, SW1P 1PQ, London",Asian,18,8.8,433,20,https://www.thefork.co.uk/restaurant/aloo-tama-nepalese-restaurant-r712293#date=2026-02-28&hour=780&partySize=5&rankedBy=SEARCH_ENGINE,0
L'Ulivo,"23 Villiers Street, WC2N 6AR, London",Italian,25,8.8,911,20,https://www.thefork.co.uk/restaurant/l-ulivo-r712263#date=2026-02-28&hour=780&partySize=5&rankedBy=SEARCH_ENGINE,0
Violas,"38 Tavistock Street, WC2E 7PB, London",Varied,30,8.5,502,30,https://www.thefork.co.uk/restaurant/violas-r689057#date=2026-02-28&hour=780&partySize=5&rankedBy=SEARCH_ENGINE,0
The Grand Undaal,"256 Bethnal Green Road, E2 0AA, London",Grill,26,,,20,https://www.thefork.co.uk/restaurant/the-grand-undaal-r853932#date=2026-02-28&hour=780&partySize=5&rankedBy=SEARCH_ENGINE,0
Adora Pizza,"62 Kensington High Street, W8 4PE, London",Italian,25,7.8,139,40,https://www.thefork.co.uk/restaurant/adora-pizza-r829145#date=2026-02-28&hour=780&partySize=5&rankedBy=SEARCH_ENGINE,0
Sprinkles,"424 Bethnal Green Road, E2 0DJ, London",American,15,8.7,18,20,https://www.thefork.co.uk/restaurant/sprinkles-r821642#date=2026-02-28&hour=780&partySize=5&rankedBy=SEARCH_ENGINE,0
El’s Olive Cafe,"12 High Street, N8 7PB, London",Fusion,16,8.6,30,20,https://www.thefork.co.uk/restaurant/el-s-olive-cafe-r819653#date=2026-02-28&hour=780&partySize=5&rankedBy=SEARCH_ENGINE,0
The Corner London City,"42 Adler Street, E1 1EE, London",British,24,8.6,99,20,https://www.thefork.co.uk/restaurant/the-corner-london-city-r806346#date=2026-02-28&hour=780&partySize=5&rankedBy=SEARCH_ENGINE,0
Masgouf,"Cromwell Road, SW7 4HA, London",Iraqi,25,8.6,131,20,https://www.thefork.co.uk/restaurant/masgouf-r662043#date=2026-02-28&hour=780&partySize=5&rankedBy=SEARCH_ENGINE,0
Asador Bar & Grill,"1 Leicester Street, WC2H 7BL, London",Argentinian,35,8.7,205,20,https://www.thefork.co.uk/restaurant/asador-bar-grill-r826791#date=2026-02-28&hour=780&partySize=5&rankedBy=SEARCH_ENGINE,0
Green Mosaic Pizza-Cafe,"97 Leather Lane, EC1N 7TS, London",Pizzeria,25,9.0,471,50,https://www.thefork.co.uk/restaurant/green-mosaic-pizza-cafe-r672551#date=2026-02-28&hour=780&partySize=5&rankedBy=SEARCH_ENGINE,0
The Bombay Spice Marylebone,"50 Paddington Street, W1U 4HP, London",Indian,25,8.3,12,20,https://www.thefork.co.uk/restaurant/the-bombay-spice-marylebone-r849138#date=2026-02-28&hour=780&partySize=5&rankedBy=SEARCH_ENGINE,0
Shuq Cafe,"55 East Street, SE17 2DJ, London",Ethiopian,12,8.4,51,20,https://www.thefork.co.uk/restaurant/shuq-cafe-r805692#date=2026-02-28&hour=780&partySize=5&rankedBy=SEARCH_ENGINE,0
Mamma  Mia,"48 Queensway, W2, London",Italian,25,8.5,85,20,https://www.thefork.co.uk/restaurant/mamma-mia-r742872#date=2026-02-28&hour=780&partySize=5&rankedBy=SEARCH_ENGINE,0
Le Gothique,"John Archer Way, SW18 3SX, London",European,25,9.2,77,20,https://www.thefork.co.uk/restaurant/le-gothique-r729937#date=2026-02-28&hour=780&partySize=5&rankedBy=SEARCH_ENGINE,0
Indi Pub Kitchen @ The Old Ivy House,"166 Goswell Road, EC1V 7DT, London",Fusion,30,,,20,https://www.thefork.co.uk/restaurant/indi-pub-kitchen-the-old-ivy-house-r847336#date=2026-02-28&hour=780&partySize=5&rankedBy=SEARCH_ENGINE,0
DaLongYi Hot Pot,"5a Berners Street, W1T 3LA, London",Asian,30,8.2,215,30,https://www.thefork.co.uk/restaurant/dalongyi-hot-pot-r844596#date=2026-02-28&hour=780&partySize=5&rankedBy=SEARCH_ENGINE,0
Sohohas,"34 D'Arblay Street, W1F 8WE, London",Lebanese,25,8.2,349,30,https://www.thefork.co.uk/restaurant/sohohas-r837358#date=2026-02-28&hour=780&partySize=5&rankedBy=SEARCH_ENGINE,0
Sushi Katana,"455 New Cross Road, SE14 6TA, London",Asian,20,8.7,3,20,https://www.thefork.co.uk/restaurant/sushi-katana-r835514#date=2026-02-28&hour=780&partySize=5&rankedBy=SEARCH_ENGINE,0
The Rajdoot - Marylebone,"49 Paddington Street, W1U 4HW, London",Indian,20,8.6,255,20,https://www.thefork.co.uk/restaurant/the-rajdoot-marylebone-r716751#date=2026-02-28&hour=780&partySize=5&rankedBy=SEARCH_ENGINE,0
Blue Mare Fulham,"450 Fulham Road, SW6 1DL, London",Italian,30,3.8,6,40,https://www.thefork.co.uk/restaurant/blue-mare-fulham-r853665#date=2026-02-28&hour=780&partySize=5&rankedBy=SEARCH_ENGINE,0
Francatelli,"7-8 Park Place
, SW1A 1LS, London",British,125,8.9,164,20,https://www.thefork.co.uk/restaurant/francatelli-r604189#date=2026-02-28&hour=780&partySize=5&rankedBy=SEARCH_ENGINE,0
Et House - Swiss Cottage,"65 Fairfax Road, NW6 4EE, London",Turkish,35,9.6,147,20,https://www.thefork.co.uk/restaurant/et-house-swiss-cottage-r826215#date=2026-02-28&hour=780&partySize=5&rankedBy=SEARCH_ENGINE,0
Soor Lebanese cuisine (Edgware Road),"332 Edgware Road, W2 1EA, London",Lebanese,23,8.1,43,20,https://www.thefork.co.uk/restaurant/soor-lebanese-cuisine-edgware-road-r815238#date=2026-02-28&hour=780&partySize=5&rankedBy=SEARCH_ENGINE,0
Fresco La Cucina,"96 Brick Lane, Greater, E1 6RL, London",Italian,25,8.1,80,20,https://www.thefork.co.uk/restaurant/fresco-la-cucina-r826763#date=2026-02-28&hour=780&partySize=5&rankedBy=SEARCH_ENGINE,0
Zeytoon,"94-96 Cricklewood Broadway, NW2 3EL, London",Iranian,20,9.2,273,30,https://www.thefork.co.uk/restaurant/zeytoon-r821374#date=2026-02-28&hour=780&partySize=5&rankedBy=SEARCH_ENGINE,0
Tannourine Restaurant,"334 Harrow Road, W9 2HP, London",Lebanese,22,7.9,26,20,https://www.thefork.co.uk/restaurant/tannourine-restaurant-r808356#date=2026-02-28&hour=780&partySize=5&rankedBy=SEARCH_ENGINE,0
Tajmahal Indian Cuisine,"339 Grays Inn Road, WC1X 8PX, London",Asian,15,8.1,175,20,https://www.thefork.co.uk/restaurant/tajmahal-indian-cuisine-r742132#date=2026-02-28&hour=780&partySize=5&rankedBy=SEARCH_ENGINE,0
Little Kathmandu,"24 Calderwood Street, SE18 6QW, London",Nepalese,15,7.4,15,20,https://www.thefork.co.uk/restaurant/little-kathmandu-r817367#date=2026-02-28&hour=780&partySize=5&rankedBy=SEARCH_ENGINE,0
Inamo Soho,"134-136 Wardour Street, W1F 8ZP, London",Asian,25,7.0,185,40,https://www.thefork.co.uk/restaurant/inamo-soho-r614543#date=2026-02-28&hour=780&partySize=5&rankedBy=SEARCH_ENGINE,0
Quartieri,"300 Kilburn High Road, NW6 2DB, London",Italian,20,9.3,94,30,https://www.thefork.co.uk/restaurant/quartieri-r814195#date=2026-02-28&hour=780&partySize=5&rankedBy=SEARCH_ENGINE,0
Zula Grill,"35 Marsh Hill, E9 5QA, London",Turkish,25,9.8,34,20,https://www.thefork.co.uk/restaurant/zula-grill-r842895#date=2026-02-28&hour=780&partySize=5&rankedBy=SEARCH_ENGINE,0
The Counter Soho,"15 Kingly Street, W1B 5PS, London",Turkish,24,8.9,93,50,https://www.thefork.co.uk/restaurant/the-counter-soho-r841526#date=2026-02-28&hour=780&partySize=5&rankedBy=SEARCH_ENGINE,0
Inamo Covent Garden,"11 - 14 Hanover Place, WC2E 9JP, London",Asian,25,6.2,172,40,https://www.thefork.co.uk/restaurant/inamo-covent-garden-r604791#date=2026-02-28&hour=780&partySize=5&rankedBy=SEARCH_ENGINE,0
7th Cat Chinese Kitchen at Empire Casino,"5-6 Leicester Square, WC2H 7NA, London",Chinese,22,7.9,54,50,https://www.thefork.co.uk/restaurant/7th-cat-chinese-kitchen-at-empire-casino-r850980#date=2026-02-28&hour=780&partySize=5&rankedBy=SEARCH_ENGINE,0
Selene Camden,"112a Camden Road, NW1 9EE, London",Grill,20,8.7,111,50,https://www.thefork.co.uk/restaurant/selene-camden-r837677#date=2026-02-28&hour=780&partySize=5&rankedBy=SEARCH_ENGINE,0
RedFarm Covent Garden,"9 Russell Street, WC2B 5HZ, London",Chinese,44,8.8,1117,30,https://www.thefork.co.uk/restaurant/redfarm-covent-garden-r728658#date=2026-02-28&hour=780&partySize=5&rankedBy=SEARCH_ENGINE,0
Crystal China - Dry Hot Pot 味缘,"78-80 Tower Bridge Road, SE1 4TP, London",Asian,25,9.2,223,20,https://www.thefork.co.uk/restaurant/crystal-china-dry-hot-pot-r807683#date=2026-02-28&hour=780&partySize=5&rankedBy=SEARCH_ENGINE,0
"Pane, Vino and Amore","138 Cromwell Road, SW7 4HA, London",Italian,35,9.1,32,30,https://www.thefork.co.uk/restaurant/pane-vino-and-amore-r836858#date=2026-02-28&rankedBy=SEARCH_ENGINE,0
The Lounge at Sloane Square Hotel,"7-12 Sloane Square, SW1W 8EG, London",British,35,,,20,https://www.thefork.co.uk/restaurant/the-lounge-at-sloane-square-hotel-r746277#date=2026-02-28&hour=780&partySize=5&rankedBy=SEARCH_ENGINE,0
Sola Soho,"64 Dean Street, W1D 4QG, London",American,159,8.5,22,30,https://www.thefork.co.uk/restaurant/sola-soho-r848771#date=2026-02-28&hour=780&partySize=5&rankedBy=SEARCH_ENGINE,0
Flowers Lebanese Restaurant,"11 Woodstock Street, W1C 2AE, London",Lebanese,35,8.6,32,20,https://www.thefork.co.uk/restaurant/flowers-lebanese-restaurant-r829679#date=2026-02-28&hour=780&partySize=5&rankedBy=SEARCH_ENGINE,0
STK Steakhouse Strand,"336 - 337 The Strand, WC2R 1HA, London",American,50,8.6,586,20,https://www.thefork.co.uk/restaurant/stk-steakhouse-strand-r598099#date=2026-02-28&hour=780&partySize=5&rankedBy=SEARCH_ENGINE,0
